"Table 6c - Ratio of lower quartile house price to lower quartile gross annual (where available) residence-based earnings by local authority district, England and Wales, 2002 to 2022",,,,,,,,,,,,,,,,,,,,,,,,,,,
Region code,Region name ,Local authority code,Local authority name,2002,2003,2004,2005,2006,2007,2008,2009,2010,2011,2012,2013,2014,2015,2016,2017,2018,2019,2020,2021,2022,,,
E12000001,North East,E06000001,Hartlepool,2.27,2.13,2.25,2.85,3.73,4.70,4.56,3.98,4.34,4.13,3.68,4.01,3.87,3.89,3.42,3.75,3.98,4.18,3.96,3.95,3.76,,,
E12000001,North East,E06000002,Middlesbrough,2.16,1.95,2.92,3.73,4.77,5.16,4.56,4.64,4.31,4.15,3.92,3.96,4.39,4.58,4.66,4.44,4.44,4.18,4.13,4.07,3.73,,,
E12000001,North East,E06000003,Redcar and Cleveland,2.96,3.21,4.07,4.72,5.83,6.33,5.34,4.90,5.24,4.59,4.92,4.71,5.27,5.31,5.26,4.63,5.00,4.61,4.66,5.33,4.74,,,
E12000001,North East,E06000004,Stockton-on-Tees,3.04,3.19,3.76,4.47,5.61,5.93,6.20,5.85,5.55,4.95,5.19,4.92,5.36,5.48,5.12,5.33,5.29,5.03,5.10,5.32,4.54,,,
E12000001,North East,E06000005,Darlington,3.03,3.49,4.66,5.64,6.20,5.82,5.77,5.19,5.17,4.61,4.53,4.73,4.57,4.73,4.30,4.74,4.73,4.67,4.91,5.06,4.65,,,
E12000001,North East,E06000047,County Durham,:,2.68,3.58,4.54,5.07,5.20,5.10,4.45,4.47,4.16,3.73,3.60,3.80,3.64,3.79,3.70,3.62,3.68,3.53,3.84,3.54,,,
E12000001,North East,E06000057,Northumberland,:,3.58,4.66,5.12,5.75,6.12,6.04,5.28,5.41,5.03,4.95,4.91,5.19,5.64,5.50,5.28,5.48,5.41,5.40,5.81,5.11,,,
E12000001,North East,E08000021,Newcastle upon Tyne,3.24,4.19,5.33,5.57,6.51,6.99,6.51,5.76,6.27,6.11,5.61,5.75,5.70,5.75,5.61,5.77,5.88,5.77,5.32,6.29,5.43,,,
E12000001,North East,E08000022,North Tyneside,3.17,4.04,5.17,6.08,6.26,6.74,5.91,5.45,5.54,5.58,5.51,5.34,5.60,5.53,5.70,5.62,5.71,5.60,5.33,5.54,5.45,,,
E12000001,North East,E08000023,South Tyneside,2.82,3.19,4.69,5.36,5.48,5.74,5.38,4.95,4.84,4.56,4.58,4.55,4.61,4.71,4.79,4.73,4.83,5.01,4.63,5.14,4.50,,,
E12000001,North East,E08000024,Sunderland,2.76,3.34,4.51,5.04,5.51,5.55,5.26,4.58,4.62,4.44,4.20,4.23,4.38,4.49,4.39,4.27,4.36,4.39,4.15,4.64,4.29,,,
E12000001,North East,E08000037,Gateshead,3.01,3.59,5.07,5.14,5.94,6.03,5.58,5.13,5.19,4.70,4.64,4.83,4.81,5.12,5.07,4.86,4.98,5.04,4.89,5.02,4.47,,,
E12000002,North West,E06000006,Halton,2.81,3.55,4.54,5.30,5.51,5.56,5.63,4.89,4.84,4.67,4.53,4.32,4.43,4.87,4.76,4.80,4.42,4.82,4.70,5.26,4.85,,,
E12000002,North West,E06000007,Warrington,3.86,4.49,5.55,6.17,6.57,6.60,6.09,5.35,5.79,5.77,5.87,5.77,5.89,6.00,6.21,6.25,5.81,6.31,6.80,6.96,6.45,,,
E12000002,North West,E06000008,Blackburn with Darwen,2.19,2.28,2.92,3.91,4.75,5.14,4.91,4.23,4.34,4.43,4.22,4.27,4.20,4.25,4.22,4.41,4.35,4.21,4.36,4.64,4.55,,,
E12000002,North West,E06000009,Blackpool,3.39,3.82,5.48,5.99,6.56,6.89,6.35,5.33,5.60,5.15,4.97,4.74,5.04,5.18,5.02,5.01,4.92,4.55,4.78,5.09,4.77,,,
E12000002,North West,E06000049,Cheshire East,:,4.96,6.12,6.21,7.00,7.20,6.82,6.26,6.94,6.67,6.42,6.32,6.42,6.67,7.09,7.05,7.23,7.01,7.01,8.19,7.08,,,
E12000002,North West,E06000050,Cheshire West and Chester,:,4.77,6.01,6.56,7.20,6.96,7.04,6.41,6.35,6.63,6.45,6.41,6.69,6.91,6.87,6.74,6.61,6.65,6.67,7.36,6.66,,,
E12000002,North West,E07000026,Allerdale,2.66,3.26,3.92,4.93,5.39,5.94,5.82,5.39,5.11,5.27,5.16,5.29,5.20,5.38,4.65,4.99,5.80,5.14,4.63,4.61,4.34,,,
E12000002,North West,E07000027,Barrow-in-Furness,2.18,2.16,2.75,3.69,3.74,4.62,4.96,3.89,3.80,3.92,3.92,3.49,3.53,4.16,4.12,4.13,3.29,3.67,3.74,4.15,4.15,,,
E12000002,North West,E07000028,Carlisle,2.82,3.45,4.89,5.36,5.70,6.09,5.85,5.14,5.23,4.87,4.88,4.81,4.90,4.95,5.09,5.09,5.01,5.07,4.54,5.21,4.66,,,
E12000002,North West,E07000029,Copeland,2.01,2.05,2.91,3.91,4.71,4.37,4.32,3.78,4.02,3.99,3.37,3.03,3.40,2.82,3.72,3.48,3.31,3.52,3.10,3.48,4.07,,,
E12000002,North West,E07000030,Eden,5.03,5.35,8.77,8.27,9.57,8.50,8.62,9.93,9.58,8.74,7.44,7.18,8.21,8.04,8.23,7.20,8.59,7.19,6.93,8.09,7.11,,,
E12000002,North West,E07000031,South Lakeland,4.97,5.78,7.65,8.23,8.77,9.35,8.42,8.14,8.92,9.17,8.59,8.15,8.38,8.49,8.14,8.78,8.05,8.10,8.56,8.86,8.08,,,
E12000002,North West,E07000117,Burnley,0.95,1.50,1.40,1.78,2.44,3.63,3.41,3.27,3.04,2.65,2.69,2.36,2.66,2.64,2.62,3.14,3.09,2.94,3.23,3.40,3.65,,,
E12000002,North West,E07000118,Chorley,3.35,4.22,5.81,6.08,6.42,6.51,5.87,5.56,5.91,6.24,5.70,5.97,5.88,5.87,5.92,6.47,5.37,5.75,5.99,6.48,5.64,,,
E12000002,North West,E07000119,Fylde,4.12,4.42,6.18,7.13,7.87,7.76,6.67,6.66,6.63,6.39,6.17,6.15,6.10,7.36,7.85,6.63,6.43,6.00,6.00,7.35,6.25,,,
E12000002,North West,E07000120,Hyndburn,1.91,1.89,2.91,3.42,4.50,4.86,4.97,3.79,3.85,3.97,3.86,3.94,3.85,3.90,3.83,3.53,3.69,3.52,3.33,3.68,4.16,,,
E12000002,North West,E07000121,Lancaster,3.03,4.15,4.92,5.73,6.28,5.91,6.19,5.30,6.10,5.56,5.76,5.45,5.78,5.97,5.74,5.70,5.85,5.72,5.53,5.75,5.54,,,
E12000002,North West,E07000122,Pendle,1.67,1.74,1.88,2.52,3.54,4.15,4.11,3.75,3.42,3.49,3.33,3.33,3.47,3.25,3.22,3.49,3.31,3.26,3.88,4.89,4.25,,,
E12000002,North West,E07000123,Preston,2.88,3.20,4.55,5.42,6.10,6.03,5.85,5.43,5.23,4.94,5.21,4.97,5.03,5.18,4.98,4.83,4.99,4.93,4.65,5.30,4.97,,,
E12000002,North West,E07000124,Ribble Valley,4.40,5.51,6.90,7.37,7.53,7.34,7.50,6.46,7.12,6.78,6.80,6.95,6.51,7.14,6.71,7.61,6.90,7.09,7.45,7.76,7.21,,,
E12000002,North West,E07000125,Rossendale,2.54,2.98,3.86,4.34,4.99,5.60,5.21,4.62,5.19,4.70,4.53,4.41,4.73,4.82,4.92,4.86,4.98,4.74,4.59,5.49,5.77,,,
E12000002,North West,E07000126,South Ribble,3.52,4.67,5.93,6.57,6.80,7.38,6.59,6.24,6.12,5.96,6.16,5.65,6.04,6.27,6.10,6.11,6.58,6.30,6.22,6.56,6.44,,,
E12000002,North West,E07000127,West Lancashire,4.11,4.89,5.44,6.41,6.00,6.26,6.00,6.15,6.59,5.91,6.05,6.37,6.74,6.47,6.88,6.80,6.46,6.60,6.57,7.52,6.28,,,
E12000002,North West,E07000128,Wyre,3.82,4.51,5.79,6.07,7.15,8.47,7.72,6.52,6.96,5.86,5.58,5.71,5.79,6.06,6.32,6.46,6.54,6.21,6.04,6.29,5.87,,,
E12000002,North West,E08000001,Bolton,2.44,2.86,3.91,4.80,5.35,5.63,5.63,4.56,4.73,4.63,4.33,4.38,4.52,4.57,4.61,4.91,4.86,4.97,4.79,5.66,5.64,,,
E12000002,North West,E08000002,Bury,2.98,3.43,4.16,5.42,5.65,5.93,5.56,4.91,4.98,4.54,4.74,4.66,5.20,5.33,5.44,5.85,5.89,6.04,5.82,6.78,6.36,,,
E12000002,North West,E08000003,Manchester,2.54,2.67,3.72,4.83,6.21,6.69,6.17,5.17,5.45,5.18,5.16,4.93,5.19,5.75,6.10,6.50,6.55,6.91,7.04,7.93,7.75,,,
E12000002,North West,E08000004,Oldham,2.56,2.61,3.00,4.31,4.93,5.19,5.37,4.88,4.87,4.46,4.39,4.45,4.60,4.72,4.71,4.92,5.06,4.97,4.89,5.97,5.93,,,
E12000002,North West,E08000005,Rochdale,2.62,3.01,3.87,4.70,5.11,5.52,5.00,4.50,4.73,4.24,4.08,4.37,4.58,4.72,4.73,4.86,4.83,4.88,5.21,6.13,5.94,,,
E12000002,North West,E08000006,Salford,2.60,3.26,4.30,5.18,5.58,5.91,5.79,5.19,4.99,4.74,4.55,4.89,4.87,5.18,5.51,6.18,6.35,6.47,6.54,7.31,6.98,,,
E12000002,North West,E08000007,Stockport,4.27,5.01,6.03,6.71,6.78,7.12,6.97,6.36,6.39,6.12,5.96,5.86,6.31,6.40,6.74,6.90,7.33,7.34,7.31,8.67,8.16,,,
E12000002,North West,E08000008,Tameside,3.00,3.50,4.42,5.28,5.77,6.09,5.64,5.02,5.11,5.02,4.71,4.88,5.06,5.08,5.26,5.71,5.92,5.70,6.18,6.29,6.48,,,
E12000002,North West,E08000009,Trafford,5.25,5.81,7.26,7.49,7.72,8.08,7.24,6.62,6.75,6.67,6.84,6.90,7.06,7.83,6.96,7.81,7.53,7.81,8.08,9.74,9.51,,,
E12000002,North West,E08000010,Wigan,2.67,3.19,4.24,4.91,5.51,5.56,5.43,4.78,4.69,4.22,4.32,4.22,4.57,4.33,4.56,5.01,4.80,5.30,5.05,5.40,5.55,,,
E12000002,North West,E08000011,Knowsley,3.26,3.35,5.16,5.67,6.22,5.85,5.76,4.74,4.42,4.45,4.43,4.81,4.88,4.66,4.48,4.75,5.00,5.35,5.20,5.48,5.42,,,
E12000002,North West,E08000012,Liverpool,2.48,2.44,3.64,4.42,5.17,5.54,5.04,4.57,4.42,4.30,3.93,4.08,4.02,4.18,4.03,4.01,4.21,3.93,3.98,4.97,5.02,,,
E12000002,North West,E08000013,St. Helens,2.87,3.13,4.47,5.07,5.55,5.65,5.13,4.71,4.73,4.15,4.05,4.37,4.83,4.58,4.39,4.64,4.78,4.61,4.77,5.07,4.74,,,
E12000002,North West,E08000014,Sefton,3.97,4.60,5.61,5.77,6.72,6.98,6.90,6.63,6.53,6.09,5.74,5.38,5.86,5.94,6.10,6.05,6.11,6.18,5.93,7.05,6.26,,,
E12000002,North West,E08000015,Wirral,3.03,3.50,4.51,4.98,5.85,6.37,6.20,5.45,5.58,5.26,5.26,5.14,5.28,5.14,5.53,5.63,5.77,5.75,5.58,6.53,5.35,,,
E12000003,Yorkshire and The Humber,E06000010,"Kingston upon Hull, City of",2.24,2.46,2.78,3.33,4.10,4.66,4.46,3.95,4.41,4.38,4.02,3.94,4.33,4.53,4.60,4.74,4.73,4.66,4.53,4.63,4.43,,,
E12000003,Yorkshire and The Humber,E06000011,East Riding of Yorkshire,3.46,4.41,5.29,5.82,6.26,6.08,6.51,5.62,5.78,5.80,5.72,5.72,6.07,6.29,6.47,6.46,6.43,6.23,6.29,7.11,6.20,,,
E12000003,Yorkshire and The Humber,E06000012,North East Lincolnshire,2.53,2.68,3.61,4.28,4.60,5.27,4.85,4.17,4.99,4.29,4.14,4.24,4.70,4.86,4.73,5.19,4.71,4.65,4.89,5.51,4.57,,,
E12000003,Yorkshire and The Humber,E06000013,North Lincolnshire,2.56,3.22,4.56,4.65,5.90,5.82,5.96,5.30,4.84,4.67,4.48,4.30,4.68,4.77,5.09,5.25,5.57,5.57,5.27,5.82,5.53,,,
E12000003,Yorkshire and The Humber,E06000014,York,5.67,6.63,7.45,8.09,7.98,8.46,8.40,7.18,7.65,7.40,7.77,7.74,8.19,8.64,8.95,9.09,9.28,8.88,9.24,9.86,9.85,,,
E12000003,Yorkshire and The Humber,E07000163,Craven,4.82,5.03,6.37,7.81,8.47,7.98,6.85,7.22,7.96,7.84,7.85,7.42,7.50,7.77,8.25,8.48,7.84,8.37,8.86,8.60,8.40,,,
E12000003,Yorkshire and The Humber,E07000164,Hambleton,6.73,6.94,8.38,8.54,9.14,9.97,8.97,8.15,8.52,8.52,8.75,8.70,8.66,8.95,8.04,8.64,8.24,7.93,8.16,9.63,8.69,,,
E12000003,Yorkshire and The Humber,E07000165,Harrogate,5.92,7.10,7.94,8.18,9.23,9.15,8.68,7.70,8.50,8.55,8.41,8.09,8.64,8.91,9.20,9.52,9.41,8.23,9.12,10.11,8.90,,,
E12000003,Yorkshire and The Humber,E07000166,Richmondshire,4.82,5.91,7.34,9.09,8.38,8.48,9.30,8.31,8.14,7.53,7.50,7.35,7.25,7.42,7.34,7.66,7.95,6.45,7.82,8.80,7.16,,,
E12000003,Yorkshire and The Humber,E07000167,Ryedale,5.95,7.06,9.21,10.91,9.42,10.42,9.96,7.90,8.23,8.71,7.89,8.16,8.40,8.64,9.50,9.76,8.65,8.40,8.43,8.92,9.05,,,
E12000003,Yorkshire and The Humber,E07000168,Scarborough,4.18,4.95,6.36,7.39,7.78,7.17,7.13,6.69,6.55,6.44,6.39,6.34,6.11,6.06,6.34,6.08,6.28,6.15,6.26,6.52,6.35,,,
E12000003,Yorkshire and The Humber,E07000169,Selby,4.41,5.61,6.35,7.56,7.58,7.53,7.69,6.60,6.17,6.13,6.38,6.52,6.32,6.35,6.55,7.41,6.89,6.72,6.80,6.87,7.26,,,
E12000003,Yorkshire and The Humber,E08000016,Barnsley,2.41,2.67,3.98,4.91,5.43,5.57,5.43,4.51,4.42,4.21,4.13,4.21,4.29,4.46,4.42,4.44,4.65,4.55,4.62,5.02,4.81,,,
E12000003,Yorkshire and The Humber,E08000017,Doncaster,2.41,2.90,4.10,5.06,5.42,5.84,5.01,4.76,4.89,4.75,4.55,4.73,4.79,5.16,5.17,5.29,4.98,4.90,4.68,5.29,5.02,,,
E12000003,Yorkshire and The Humber,E08000018,Rotherham,2.79,3.27,4.18,4.83,5.75,5.73,5.71,5.00,5.06,4.97,5.00,5.23,5.41,5.36,5.26,5.15,5.15,5.02,5.12,5.84,5.36,,,
E12000003,Yorkshire and The Humber,E08000019,Sheffield,3.24,4.05,5.16,5.76,6.29,6.60,6.16,5.24,5.54,5.26,5.03,5.06,5.40,5.49,5.51,5.60,5.73,5.62,5.82,6.13,5.93,,,
E12000003,Yorkshire and The Humber,E08000032,Bradford,2.63,3.03,3.82,4.73,5.47,6.02,6.09,5.10,5.09,5.09,4.85,4.78,4.89,4.65,4.91,4.94,4.74,4.70,4.67,5.09,4.83,,,
E12000003,Yorkshire and The Humber,E08000033,Calderdale,2.56,2.83,3.90,4.83,5.26,5.43,5.19,4.73,5.06,4.79,4.36,4.64,4.75,4.84,4.62,4.94,4.57,4.86,4.86,5.48,4.98,,,
E12000003,Yorkshire and The Humber,E08000034,Kirklees,2.91,3.60,4.79,5.05,5.77,5.90,5.97,5.34,5.32,5.14,4.92,4.90,5.06,5.20,5.34,5.09,5.18,5.37,5.43,5.89,5.44,,,
E12000003,Yorkshire and The Humber,E08000035,Leeds,3.76,4.48,5.44,6.02,6.40,6.84,6.45,5.41,5.83,5.66,5.61,5.39,5.78,5.92,5.86,6.09,6.30,6.39,6.26,7.13,6.64,,,
E12000003,Yorkshire and The Humber,E08000036,Wakefield,3.23,4.23,5.03,5.56,6.05,6.51,6.18,5.46,5.55,5.19,4.90,4.89,5.30,5.41,5.32,5.72,5.67,5.77,5.72,6.18,5.77,,,
E12000004,East Midlands,E06000015,Derby,3.10,3.70,5.27,5.43,5.94,6.34,5.79,4.88,5.16,4.92,4.79,5.10,5.25,5.33,5.55,5.59,5.28,5.58,5.61,6.07,6.11,,,
E12000004,East Midlands,E06000016,Leicester,4.04,5.25,6.39,6.68,6.82,7.07,7.01,5.70,5.81,5.71,5.88,5.62,6.21,6.72,6.84,7.39,7.60,7.42,7.72,8.30,8.80,,,
E12000004,East Midlands,E06000017,Rutland,6.77,7.27,8.71,8.60,10.51,10.04,8.88,7.29,7.88,7.56,7.52,8.19,7.05,7.98,8.39,9.03,8.69,8.33,8.22,8.75,8.52,,,
E12000004,East Midlands,E06000018,Nottingham,3.31,4.47,5.09,5.61,5.70,5.43,5.36,4.63,4.65,4.30,4.32,4.39,4.89,5.07,5.14,5.58,5.82,5.84,6.02,6.73,6.43,,,
E12000004,East Midlands,E07000032,Amber Valley,3.57,4.14,5.43,5.65,5.91,6.34,6.03,5.54,5.69,5.42,5.27,5.39,6.01,5.66,5.78,6.24,6.01,6.29,6.20,6.74,6.58,,,
E12000004,East Midlands,E07000033,Bolsover,2.31,2.74,3.76,4.86,5.13,5.31,5.28,5.09,4.96,4.32,4.31,4.33,4.95,4.88,4.62,4.94,4.68,4.86,5.11,5.80,5.62,,,
E12000004,East Midlands,E07000034,Chesterfield,3.15,3.76,4.78,5.49,5.66,6.37,6.22,4.92,5.13,4.67,4.97,4.90,5.62,4.99,5.11,5.73,6.00,5.98,5.71,6.17,5.91,,,
E12000004,East Midlands,E07000035,Derbyshire Dales,5.04,5.87,8.71,8.86,9.52,9.56,7.31,6.63,7.45,7.63,8.05,7.70,7.82,8.91,8.25,7.80,8.56,9.47,8.40,10.21,9.39,,,
E12000004,East Midlands,E07000036,Erewash,3.77,4.71,5.70,6.03,5.89,6.36,6.07,4.74,5.05,4.85,5.16,4.71,5.24,5.85,6.07,6.18,5.81,5.82,5.96,6.24,6.07,,,
E12000004,East Midlands,E07000037,High Peak,4.06,5.48,6.45,6.46,6.66,7.96,6.73,5.72,5.66,5.84,6.10,5.75,6.37,6.24,6.61,6.37,6.95,7.45,6.73,7.92,7.37,,,
E12000004,East Midlands,E07000038,North East Derbyshire,3.61,4.60,5.29,5.66,6.34,6.69,6.06,5.60,5.72,5.69,5.64,5.19,6.28,6.59,6.16,6.42,6.00,6.59,6.51,6.93,6.92,,,
E12000004,East Midlands,E07000039,South Derbyshire,3.82,5.03,5.87,6.98,7.02,6.82,6.34,6.02,6.11,6.11,5.83,5.45,6.34,6.04,6.23,6.71,6.48,6.69,6.16,7.11,6.83,,,
E12000004,East Midlands,E07000129,Blaby,4.83,6.15,6.78,7.01,6.94,8.26,7.17,5.98,6.19,6.58,6.41,6.07,6.69,7.55,7.54,7.77,8.67,7.94,7.71,9.31,9.40,,,
E12000004,East Midlands,E07000130,Charnwood,4.53,6.09,6.71,7.01,7.04,7.32,6.77,6.26,6.69,6.56,7.17,6.52,6.58,6.82,7.14,7.66,7.59,7.73,8.00,9.24,7.95,,,
E12000004,East Midlands,E07000131,Harborough,5.27,6.44,7.57,7.79,7.85,7.74,8.25,6.72,7.22,7.42,7.36,7.33,7.57,8.07,7.40,8.29,9.09,9.53,9.09,8.99,9.52,,,
E12000004,East Midlands,E07000132,Hinckley and Bosworth,4.69,5.80,6.42,6.55,7.05,7.29,6.96,6.43,6.93,6.69,6.20,6.34,6.82,7.10,7.00,7.59,7.48,7.12,7.10,8.24,8.12,,,
E12000004,East Midlands,E07000133,Melton,5.59,5.94,6.52,7.40,8.44,6.60,7.36,6.98,7.23,7.67,7.01,7.90,7.28,7.67,7.94,8.07,8.39,9.02,9.56,10.30,8.38,,,
E12000004,East Midlands,E07000134,North West Leicestershire,4.50,5.56,6.68,7.14,7.07,7.73,6.81,5.69,6.30,6.44,6.64,6.16,6.79,7.25,7.46,7.87,7.81,7.23,7.49,7.84,7.57,,,
E12000004,East Midlands,E07000135,Oadby and Wigston,4.47,5.88,7.10,7.78,7.45,7.81,6.51,6.25,6.06,7.48,6.69,7.10,7.51,9.24,9.17,7.99,8.46,9.13,8.68,10.26,9.46,,,
E12000004,East Midlands,E07000136,Boston,4.11,4.77,6.50,6.59,7.53,6.90,6.53,6.39,5.86,6.05,5.68,5.85,6.31,6.37,7.02,7.04,7.03,7.07,7.23,6.93,6.59,,,
E12000004,East Midlands,E07000137,East Lindsey,4.59,5.44,7.06,7.11,7.27,7.97,7.01,5.95,6.89,6.42,5.91,6.09,5.92,6.53,6.26,6.40,6.86,6.58,6.95,7.70,6.96,,,
E12000004,East Midlands,E07000138,Lincoln,3.43,4.94,5.79,6.36,7.00,6.61,5.89,5.36,5.26,5.71,5.46,5.28,5.86,6.25,5.88,6.52,6.47,6.27,6.20,6.42,5.98,,,
E12000004,East Midlands,E07000139,North Kesteven,5.06,6.48,7.85,8.07,8.07,8.34,7.80,6.84,7.16,6.85,6.75,6.61,6.68,6.91,7.15,7.38,7.79,8.33,6.72,7.92,7.97,,,
E12000004,East Midlands,E07000140,South Holland,4.71,5.59,6.53,7.70,7.73,8.52,7.83,6.10,6.14,5.78,5.85,6.10,6.36,7.27,7.13,7.59,7.91,7.54,7.11,7.41,7.59,,,
E12000004,East Midlands,E07000141,South Kesteven,4.61,5.56,6.79,7.72,7.45,7.52,6.97,6.67,6.51,6.24,6.26,6.23,7.06,7.30,7.64,7.77,8.14,7.85,7.73,7.78,7.66,,,
E12000004,East Midlands,E07000142,West Lindsey,3.10,3.75,5.65,6.13,6.17,7.00,6.32,5.44,5.91,5.76,5.79,5.43,6.88,6.06,6.34,5.89,5.85,5.69,6.25,6.87,5.89,,,
E12000004,East Midlands,E06000061,North Northamptonshire,:,4.94,5.90,6.49,6.75,7.19,6.77,5.63,5.91,5.69,5.61,5.84,6.22,6.52,6.80,7.39,8.20,7.91,7.47,8.14,8.08,,,
E12000004,East Midlands,E06000062,West Northamptonshire,:,5.54,6.60,6.76,6.93,7.20,6.79,6.29,6.70,6.70,6.61,6.45,7.17,7.53,7.89,9.00,9.17,8.47,8.43,9.56,8.79,,,
E12000004,East Midlands,E07000170,Ashfield,3.03,3.60,4.72,5.35,5.43,5.82,5.77,4.43,5.01,5.22,4.92,5.01,5.27,5.30,5.50,5.71,5.59,5.78,5.62,6.08,5.85,,,
E12000004,East Midlands,E07000171,Bassetlaw,3.30,3.76,4.90,5.51,5.92,5.78,5.36,4.69,5.19,4.96,4.67,4.81,5.15,5.26,5.54,5.30,5.54,5.65,5.91,6.59,6.02,,,
E12000004,East Midlands,E07000172,Broxtowe,4.16,4.89,6.05,6.48,6.32,6.49,6.04,5.62,6.24,5.83,5.67,5.67,5.60,5.80,5.92,6.27,6.56,6.33,6.25,7.25,7.16,,,
E12000004,East Midlands,E07000173,Gedling,4.22,5.41,6.20,6.59,6.94,6.33,5.70,5.33,5.75,5.73,5.31,5.50,5.79,6.03,6.01,6.07,6.57,6.67,6.41,7.45,8.00,,,
E12000004,East Midlands,E07000174,Mansfield,2.56,3.39,4.72,5.46,5.53,5.30,5.74,4.63,4.97,4.82,4.97,4.69,4.90,5.33,5.32,5.31,5.26,5.79,5.33,5.99,5.83,,,
E12000004,East Midlands,E07000175,Newark and Sherwood,3.84,5.28,6.67,6.71,6.43,6.89,6.69,5.63,5.95,5.89,5.64,5.57,5.68,6.15,6.06,6.50,6.56,6.53,6.53,7.28,6.68,,,
E12000004,East Midlands,E07000176,Rushcliffe,4.71,6.81,6.70,7.46,7.09,8.49,7.96,6.33,6.92,7.00,7.26,6.51,6.42,7.63,7.28,7.72,8.09,8.13,9.12,9.48,9.18,,,
E12000005,West Midlands,E06000019,"Herefordshire, County of",5.64,6.81,8.04,8.61,9.16,9.48,9.15,8.43,9.03,8.56,8.20,8.22,8.21,8.67,8.22,8.91,9.03,8.60,8.89,9.39,8.77,,,
E12000005,West Midlands,E06000020,Telford and Wrekin,3.73,4.74,5.71,6.07,6.41,6.65,6.33,6.40,6.51,6.25,5.94,5.97,6.32,6.49,6.21,6.48,6.22,6.08,6.04,7.21,6.62,,,
E12000005,West Midlands,E06000021,Stoke-on-Trent,2.20,2.40,3.47,4.21,4.53,4.86,4.78,4.13,4.12,3.98,3.76,3.84,4.05,4.04,4.33,4.14,4.30,4.37,4.13,4.76,4.32,,,
E12000005,West Midlands,E06000051,Shropshire,:,6.07,7.39,7.48,7.91,8.54,8.25,7.58,7.54,7.11,7.09,6.67,7.51,7.50,7.79,7.72,7.79,7.32,7.34,8.03,7.40,,,
E12000005,West Midlands,E07000192,Cannock Chase,4.02,5.15,5.71,6.19,6.42,6.99,6.56,5.57,5.88,5.94,5.57,5.51,5.73,5.89,5.86,6.09,6.42,6.80,6.57,6.95,7.50,,,
E12000005,West Midlands,E07000193,East Staffordshire,3.84,4.70,4.96,5.86,6.00,6.48,6.04,5.53,6.31,5.90,5.67,5.93,6.13,6.59,6.35,6.72,7.25,6.95,6.28,7.39,6.18,,,
E12000005,West Midlands,E07000194,Lichfield,5.17,5.91,7.24,7.64,7.72,8.16,7.91,6.50,6.78,6.55,6.48,6.43,7.28,7.07,6.72,7.72,7.92,8.01,7.68,8.73,8.57,,,
E12000005,West Midlands,E07000195,Newcastle-under-Lyme,3.29,4.22,5.19,5.54,6.03,5.76,6.03,5.41,5.24,5.26,5.16,4.93,5.16,5.39,5.17,4.82,5.42,5.59,5.06,5.70,5.81,,,
E12000005,West Midlands,E07000196,South Staffordshire,5.42,6.29,7.49,7.73,7.91,8.31,7.61,7.41,7.99,6.94,6.99,6.61,7.62,7.22,7.14,7.31,7.38,7.18,6.75,8.79,8.48,,,
E12000005,West Midlands,E07000197,Stafford,4.28,5.56,6.70,7.28,7.09,7.35,7.15,6.48,6.66,7.03,6.52,6.59,6.48,7.26,7.94,7.80,7.71,7.46,7.23,7.69,6.85,,,
E12000005,West Midlands,E07000198,Staffordshire Moorlands,3.50,4.56,5.99,6.30,6.59,7.35,7.20,6.04,6.14,6.06,5.79,5.50,5.64,6.32,6.08,6.30,6.26,5.90,6.98,6.89,6.25,,,
E12000005,West Midlands,E07000199,Tamworth,4.62,4.68,6.04,6.65,7.29,6.94,6.31,5.46,5.75,5.95,5.97,6.61,6.79,6.96,6.90,6.75,7.92,7.48,8.00,7.85,6.92,,,
E12000005,West Midlands,E07000218,North Warwickshire,4.63,5.22,6.26,6.67,7.34,6.66,6.56,5.75,6.36,5.72,5.56,5.83,6.38,6.34,6.05,6.06,6.73,7.09,7.00,7.90,7.47,,,
E12000005,West Midlands,E07000219,Nuneaton and Bedworth,3.71,4.62,5.18,6.06,5.65,6.15,5.72,5.32,5.74,5.43,5.45,5.45,5.41,5.63,5.92,6.20,6.12,6.41,6.76,7.33,6.79,,,
E12000005,West Midlands,E07000220,Rugby,4.95,5.09,6.31,6.72,7.05,7.04,6.35,5.65,6.04,5.75,5.81,5.88,6.43,6.49,7.14,7.82,8.13,8.75,8.11,8.49,7.68,,,
E12000005,West Midlands,E07000221,Stratford-on-Avon,6.96,7.89,8.72,9.72,8.94,9.27,8.57,8.30,9.09,8.29,8.18,8.51,8.98,9.38,10.14,10.11,10.12,10.38,9.53,10.99,9.88,,,
E12000005,West Midlands,E07000222,Warwick,6.33,7.66,8.03,8.05,8.36,8.77,8.16,7.67,8.33,8.13,7.90,7.50,8.49,9.05,9.79,10.08,10.69,10.43,9.96,10.19,9.66,,,
E12000005,West Midlands,E07000234,Bromsgrove,6.29,6.38,7.29,7.83,7.79,8.21,8.24,7.19,7.56,8.02,7.31,7.16,7.61,7.45,8.30,8.39,9.08,9.03,9.07,9.76,9.32,,,
E12000005,West Midlands,E07000235,Malvern Hills,6.80,7.86,9.27,9.55,9.88,9.77,10.77,7.85,9.36,9.33,8.53,8.36,8.99,8.89,9.24,8.92,9.39,10.90,9.83,10.67,9.56,,,
E12000005,West Midlands,E07000236,Redditch,5.06,6.18,6.58,6.65,7.36,7.37,7.05,6.34,6.78,6.72,6.44,7.35,7.55,8.16,7.52,7.95,8.04,8.39,8.14,8.89,8.14,,,
E12000005,West Midlands,E07000237,Worcester,5.53,6.39,7.44,7.33,7.59,8.31,7.86,6.62,7.10,7.02,6.64,6.86,7.26,7.24,7.77,7.38,7.71,7.32,7.78,7.91,7.22,,,
E12000005,West Midlands,E07000238,Wychavon,6.25,7.81,8.67,8.90,9.08,8.83,9.05,7.87,8.75,7.95,8.23,7.82,9.11,8.95,9.20,10.11,9.73,9.08,9.57,10.52,8.94,,,
E12000005,West Midlands,E07000239,Wyre Forest,5.09,5.92,7.32,7.81,7.72,7.75,7.52,7.01,6.96,7.53,7.47,7.04,6.97,6.56,6.62,7.19,7.48,7.10,6.84,7.82,7.22,,,
E12000005,West Midlands,E08000025,Birmingham,4.04,5.11,6.02,6.34,6.51,6.77,6.60,5.52,5.79,5.84,5.71,5.55,5.91,6.08,6.17,6.43,6.63,7.10,6.89,7.46,7.27,,,
E12000005,West Midlands,E08000026,Coventry,3.84,4.38,5.17,5.72,6.12,6.81,6.28,5.14,5.53,5.33,5.29,5.48,5.89,6.06,6.49,6.79,6.98,7.11,7.08,7.23,6.93,,,
E12000005,West Midlands,E08000027,Dudley,4.16,5.22,6.02,6.44,6.73,6.61,6.65,6.09,6.63,6.24,6.05,5.94,6.12,6.15,5.97,6.00,6.12,5.95,6.04,6.80,6.91,,,
E12000005,West Midlands,E08000028,Sandwell,3.68,4.71,5.80,6.17,6.34,6.69,6.18,5.15,5.51,5.12,5.00,5.02,5.23,5.39,5.71,6.12,6.35,6.54,6.20,6.98,7.03,,,
E12000005,West Midlands,E08000029,Solihull,5.91,6.80,7.93,7.89,8.29,7.99,7.38,7.21,7.79,7.03,7.12,6.79,7.31,8.20,7.88,8.48,8.86,8.65,8.42,9.86,8.18,,,
E12000005,West Midlands,E08000030,Walsall,3.66,4.49,5.79,6.38,6.47,6.82,6.36,5.57,5.63,5.23,5.04,5.41,6.04,5.61,5.93,6.13,6.23,6.12,5.70,6.63,6.92,,,
E12000005,West Midlands,E08000031,Wolverhampton,3.33,4.28,5.10,5.60,6.09,6.05,5.69,5.37,5.49,5.40,5.07,5.09,5.28,5.47,5.75,5.84,6.01,6.03,6.35,6.46,6.63,,,
E12000006,East of England,E06000031,Peterborough,4.08,4.88,5.96,6.60,7.28,7.32,6.90,6.10,5.91,5.82,5.76,6.09,6.41,6.72,7.01,7.39,7.73,7.44,8.12,8.06,7.92,,,
E12000006,East of England,E06000032,Luton,4.70,6.09,6.87,7.61,7.35,8.18,7.84,6.70,7.21,7.03,6.93,6.88,7.30,8.06,9.10,8.77,9.17,9.28,9.61,10.47,10.40,,,
E12000006,East of England,E06000033,Southend-on-Sea,4.60,5.58,6.24,7.28,7.50,7.48,7.27,6.86,6.94,7.16,6.77,7.07,7.21,7.96,7.66,8.85,8.89,9.45,9.10,9.50,9.33,,,
E12000006,East of England,E06000034,Thurrock,4.30,5.83,6.80,7.24,7.53,7.58,7.03,6.38,6.66,7.37,6.79,6.68,7.46,7.63,9.23,10.19,10.07,10.28,9.23,10.67,9.89,,,
E12000006,East of England,E06000055,Bedford,5.43,6.58,7.05,7.67,8.01,7.19,7.15,7.03,7.28,7.29,6.92,6.73,7.92,8.45,8.57,10.19,10.90,9.96,8.84,10.15,9.62,,,
E12000006,East of England,E06000056,Central Bedfordshire,:,6.42,7.17,7.19,7.49,7.98,7.84,6.91,7.39,7.52,7.24,7.33,7.98,8.33,9.34,9.58,10.67,10.00,9.65,10.20,9.21,,,
E12000006,East of England,E07000008,Cambridge,7.84,8.05,8.45,9.95,9.06,10.37,9.36,8.42,9.16,9.02,9.82,9.83,11.49,13.40,13.67,14.28,13.82,13.76,13.60,12.75,13.27,,,
E12000006,East of England,E07000009,East Cambridgeshire,6.31,7.34,7.36,8.26,7.64,8.12,8.23,6.67,7.32,7.45,7.17,7.50,8.13,8.47,8.96,9.75,9.70,9.60,9.29,10.80,9.13,,,
E12000006,East of England,E07000010,Fenland,4.83,5.71,6.75,6.50,6.31,7.00,7.52,6.13,6.61,5.89,5.90,5.99,6.25,6.54,6.71,7.01,7.49,7.50,7.47,8.22,7.67,,,
E12000006,East of England,E07000011,Huntingdonshire,4.86,5.99,6.61,7.53,7.85,8.06,7.84,6.43,6.54,6.93,6.84,6.85,6.92,7.38,7.72,8.32,8.76,8.85,9.24,9.39,8.98,,,
E12000006,East of England,E07000012,South Cambridgeshire,7.43,7.78,8.12,8.33,8.57,9.56,9.33,7.11,7.99,8.58,8.03,8.53,9.10,10.59,10.88,12.24,11.19,10.69,10.71,11.09,10.49,,,
E12000006,East of England,E07000066,Basildon,4.49,6.08,6.81,7.43,7.73,7.56,8.18,7.14,7.18,7.14,6.89,6.98,7.46,8.87,9.63,10.40,10.61,10.18,11.14,11.59,11.07,,,
E12000006,East of England,E07000067,Braintree,5.66,6.82,7.37,7.66,8.30,8.51,8.12,6.98,7.46,7.20,6.70,6.53,6.99,8.45,8.86,9.81,9.80,9.75,9.93,10.57,10.18,,,
E12000006,East of England,E07000068,Brentwood,6.94,7.07,7.43,7.95,7.94,8.63,7.96,7.77,8.30,8.56,9.31,8.37,8.33,9.28,10.99,11.17,11.67,11.54,11.36,14.99,12.57,,,
E12000006,East of England,E07000069,Castle Point,5.31,6.96,8.04,7.79,7.51,8.00,8.18,7.01,8.93,8.42,7.78,7.90,8.58,9.36,10.62,11.38,11.05,11.36,10.40,10.97,10.86,,,
E12000006,East of England,E07000070,Chelmsford,6.08,7.52,8.24,8.33,8.50,8.56,8.54,7.63,8.15,7.66,8.03,8.71,9.28,9.67,10.42,10.84,11.59,11.49,11.55,11.76,11.63,,,
E12000006,East of England,E07000071,Colchester,5.48,6.91,7.79,7.59,8.11,8.64,8.03,6.69,7.04,7.14,6.79,7.28,7.74,7.84,8.51,8.97,9.61,9.75,9.10,10.23,9.49,,,
E12000006,East of England,E07000072,Epping Forest,7.37,7.98,8.46,8.56,8.51,9.32,9.62,9.16,9.12,9.46,9.34,10.08,10.80,11.73,13.51,13.89,14.19,13.72,14.16,13.89,14.03,,,
E12000006,East of England,E07000073,Harlow,5.48,6.92,7.94,8.35,8.15,7.92,7.96,7.31,7.26,7.41,7.54,7.65,8.04,8.73,10.06,11.23,10.85,11.46,11.97,11.92,11.37,,,
E12000006,East of England,E07000074,Maldon,5.65,7.56,8.09,8.37,8.94,9.39,9.16,7.04,7.77,7.28,7.35,6.75,7.80,8.21,8.88,9.69,10.19,10.40,10.70,10.78,10.63,,,
E12000006,East of England,E07000075,Rochford,6.18,7.88,9.07,9.03,8.89,8.81,9.38,8.34,9.15,9.12,8.87,8.21,9.19,10.44,11.16,12.13,12.23,11.68,11.76,11.39,11.35,,,
E12000006,East of England,E07000076,Tendring,5.28,6.06,7.32,7.40,7.62,8.48,7.98,6.47,6.74,6.38,6.17,6.19,6.05,6.96,7.79,8.39,8.81,8.70,8.24,8.71,8.87,,,
E12000006,East of England,E07000077,Uttlesford,6.65,8.31,8.53,9.21,8.64,8.81,10.09,8.81,9.22,9.24,10.01,10.46,10.73,11.37,11.72,12.90,13.42,12.26,12.38,13.35,14.53,,,
E12000006,East of England,E07000095,Broxbourne,7.12,7.85,8.72,8.92,8.88,9.14,8.67,8.25,8.66,8.65,8.25,7.81,8.18,8.85,10.75,10.73,11.13,10.94,10.07,12.68,10.21,,,
E12000006,East of England,E07000096,Dacorum,6.62,8.18,9.28,8.99,8.45,9.44,9.57,8.46,9.34,8.89,9.43,9.21,9.96,11.03,11.30,12.42,12.26,11.80,11.63,12.97,13.11,,,
E12000006,East of England,E07000098,Hertsmere,7.53,8.67,9.00,9.18,9.25,10.94,11.09,8.73,10.20,10.95,10.72,11.00,13.03,14.08,15.05,16.55,15.93,12.88,13.47,16.20,16.01,,,
E12000006,East of England,E07000099,North Hertfordshire,5.40,7.04,8.13,7.37,8.27,8.51,7.80,7.57,7.84,7.98,7.75,7.55,7.81,8.24,9.77,10.84,10.53,9.70,9.90,10.94,9.84,,,
E12000006,East of England,E07000102,Three Rivers,7.75,7.61,9.11,9.29,10.20,9.59,9.99,8.65,9.06,9.35,10.13,10.00,11.25,12.22,13.26,14.49,14.33,13.86,13.37,14.07,13.85,,,
E12000006,East of England,E07000103,Watford,6.82,7.18,8.22,7.43,7.16,7.71,7.36,8.04,8.46,8.28,7.38,8.52,8.95,9.54,10.52,11.58,13.12,12.08,11.51,13.40,12.13,,,
E12000006,East of England,E07000143,Breckland,5.28,6.17,7.69,7.86,8.19,8.44,8.09,7.72,8.48,7.67,7.34,7.73,7.85,8.68,8.54,9.63,8.53,8.67,7.99,9.02,9.06,,,
E12000006,East of England,E07000144,Broadland,6.33,7.87,7.77,8.68,9.17,10.20,10.06,7.70,8.15,7.49,6.78,7.38,8.36,8.63,8.87,9.15,9.49,9.74,8.85,10.17,9.88,,,
E12000006,East of England,E07000145,Great Yarmouth,3.47,4.53,5.59,6.74,6.52,6.87,6.62,6.46,6.53,6.20,5.61,6.07,6.10,6.33,6.28,6.94,6.60,6.65,6.50,7.66,6.31,,,
E12000006,East of England,E07000146,King's Lynn and West Norfolk,5.01,5.58,6.80,7.52,8.06,7.86,7.39,6.43,7.08,6.94,6.71,7.35,6.58,7.52,7.66,8.55,8.39,8.26,8.25,9.33,8.61,,,
E12000006,East of England,E07000147,North Norfolk,5.43,6.02,7.43,9.88,9.05,9.61,8.85,7.50,7.95,7.23,7.60,7.48,8.08,8.28,8.74,9.54,9.49,9.42,8.75,9.52,9.53,,,
E12000006,East of England,E07000148,Norwich,5.48,6.26,6.84,7.46,7.81,8.37,7.92,6.27,6.58,6.67,6.86,6.98,7.35,7.56,7.90,8.20,8.57,7.37,7.59,8.08,7.65,,,
E12000006,East of England,E07000149,South Norfolk,5.70,6.93,7.97,7.86,7.96,8.35,8.26,7.14,7.66,7.55,7.46,7.67,8.14,8.06,8.32,9.92,9.55,8.91,9.58,9.31,9.67,,,
E12000006,East of England,E07000200,Babergh,5.74,6.78,8.09,8.32,8.10,9.28,8.33,6.88,8.04,7.31,7.93,7.72,8.41,8.55,9.59,10.26,10.48,10.13,10.62,11.19,10.52,,,
E12000006,East of England,E07000202,Ipswich,5.02,5.62,6.69,7.73,7.20,8.02,7.56,6.12,6.22,6.14,5.95,5.93,6.54,6.78,6.79,7.38,7.77,7.77,7.47,7.72,7.70,,,
E12000006,East of England,E07000203,Mid Suffolk,6.16,6.67,7.42,7.55,7.47,8.46,7.94,6.93,7.78,6.96,7.58,6.97,7.48,7.38,8.84,9.97,9.70,9.06,9.01,9.93,9.60,,,
E12000006,East of England,E07000240,St Albans,:,8.73,9.21,9.19,9.68,9.27,9.82,8.16,9.93,9.91,9.84,9.84,10.12,11.97,11.94,12.52,12.38,13.89,13.48,13.76,13.65,,,
E12000006,East of England,E07000241,Welwyn Hatfield,:,8.46,8.97,8.63,8.68,8.54,9.61,7.67,8.23,8.87,8.99,8.64,9.03,10.63,11.21,12.43,12.80,12.23,12.49,12.83,12.17,,,
E12000006,East of England,E07000242,East Hertfordshire,:,7.79,8.02,8.38,9.15,9.40,8.55,7.57,8.01,8.77,8.59,9.34,9.60,10.50,11.61,12.35,11.73,11.16,11.21,12.65,11.04,,,
E12000006,East of England,E07000243,Stevenage,:,7.18,7.60,8.63,7.82,8.40,8.24,7.18,7.71,7.46,7.50,7.85,8.11,9.10,10.42,11.14,10.81,10.32,10.12,12.78,11.62,,,
E12000006,East of England,E07000244,East Suffolk,:,5.72,6.63,7.35,7.58,7.92,7.04,6.60,7.43,6.75,6.93,6.68,6.88,7.48,7.51,8.39,8.32,8.25,8.56,9.24,9.01,,,
E12000006,East of England,E07000245,West Suffolk,:,6.68,7.48,8.44,8.07,8.66,8.88,7.19,7.51,7.49,7.42,7.70,8.21,8.93,8.98,9.07,9.17,9.54,9.14,9.26,9.46,,,
E12000007,London,E09000001,City of London,7.45,10.00,8.26,:,:,:,:,9.47,:,:,:,:,:,22.75,17.51,:,:,:,:,:,14.25,,,
E12000007,London,E09000002,Barking and Dagenham,5.36,7.55,8.31,8.68,8.06,8.44,9.24,7.57,7.37,7.59,7.39,7.35,8.38,8.82,10.55,12.36,12.16,12.29,11.62,12.20,11.56,,,
E12000007,London,E09000003,Barnet,8.08,8.75,9.74,9.46,9.94,10.67,10.23,9.30,10.31,10.85,10.73,10.65,12.39,13.76,15.19,14.53,15.37,15.30,15.54,16.19,14.76,,,
E12000007,London,E09000004,Bexley,5.78,6.58,7.49,7.62,7.56,8.20,7.76,7.33,7.55,7.44,7.29,7.50,8.29,9.09,10.40,11.43,11.86,11.44,10.91,11.85,11.15,,,
E12000007,London,E09000005,Brent,7.97,9.21,9.68,10.02,10.39,11.24,10.86,10.62,10.78,12.33,11.76,12.56,12.57,15.00,15.93,16.76,17.53,16.38,14.63,16.46,14.49,,,
E12000007,London,E09000006,Bromley,6.79,7.43,8.29,8.26,8.09,8.73,8.81,7.80,8.48,8.39,8.20,8.36,9.48,10.52,12.40,12.10,11.66,11.52,11.50,12.51,11.49,,,
E12000007,London,E09000007,Camden,10.40,10.11,10.73,10.77,10.38,11.60,11.64,10.53,12.18,13.58,12.21,14.33,17.84,18.17,19.94,19.66,18.75,18.24,17.79,17.48,16.67,,,
E12000007,London,E09000008,Croydon,6.45,7.49,7.85,8.34,8.36,8.70,8.65,7.44,7.75,7.88,8.00,8.28,8.93,10.24,10.88,12.12,11.47,11.84,11.74,12.47,11.12,,,
E12000007,London,E09000009,Ealing,7.87,8.80,9.37,9.62,9.56,9.88,10.31,8.57,10.30,10.58,11.32,11.48,12.01,14.72,15.03,16.68,15.52,15.42,14.87,16.05,15.25,,,
E12000007,London,E09000010,Enfield,6.49,7.82,8.37,8.56,9.26,8.68,9.00,8.36,9.12,8.86,8.94,9.70,10.20,11.60,13.16,14.04,13.36,13.61,13.81,14.45,12.85,,,
E12000007,London,E09000011,Greenwich,6.39,7.43,7.85,8.68,8.24,8.34,8.78,7.64,8.28,8.62,8.66,8.72,10.26,11.15,12.75,13.53,12.98,13.41,12.55,13.77,12.91,,,
E12000007,London,E09000012,Hackney,7.74,8.31,8.65,8.89,9.87,10.47,11.01,9.23,10.38,9.64,10.82,11.67,13.06,14.67,16.30,15.23,16.34,16.51,16.49,16.69,14.68,,,
E12000007,London,E09000013,Hammersmith and Fulham,10.02,9.78,10.47,10.72,10.48,12.16,12.13,11.45,12.86,13.95,13.14,14.83,16.18,18.15,19.05,18.88,18.03,16.58,16.86,17.82,16.94,,,
E12000007,London,E09000014,Haringey,7.32,7.80,8.19,8.61,8.56,9.89,9.44,9.41,10.12,10.04,10.66,11.88,12.73,14.30,15.58,16.75,17.22,15.13,15.29,16.78,15.72,,,
E12000007,London,E09000015,Harrow,8.24,8.99,10.17,9.73,10.87,10.27,10.22,8.75,9.99,10.89,11.24,10.80,10.68,12.02,13.50,14.93,15.49,14.65,13.84,15.87,14.16,,,
E12000007,London,E09000016,Havering,6.52,6.99,7.78,7.82,8.16,8.46,8.03,7.45,7.99,7.94,7.80,8.13,8.97,10.21,10.85,12.46,12.21,11.97,11.46,12.13,12.67,,,
E12000007,London,E09000017,Hillingdon,7.08,7.72,8.44,8.63,9.25,9.46,9.36,8.70,9.22,9.63,8.96,9.45,10.42,11.71,12.58,14.06,13.80,13.48,13.19,14.01,12.03,,,
E12000007,London,E09000018,Hounslow,7.49,8.76,9.21,9.67,10.34,11.11,10.48,9.42,9.74,9.87,10.06,10.36,10.71,12.05,13.52,12.42,13.50,13.24,12.98,14.80,13.58,,,
E12000007,London,E09000019,Islington,9.49,8.92,8.94,9.06,9.48,10.61,11.01,10.01,10.57,11.36,11.97,12.76,14.54,16.51,17.65,16.87,15.32,15.18,15.26,16.61,15.48,,,
E12000007,London,E09000020,Kensington and Chelsea,11.06,10.13,11.13,12.30,13.24,14.03,14.64,14.72,17.02,18.05,21.20,20.16,24.81,26.94,26.40,24.51,29.28,27.93,26.16,23.80,28.61,,,
E12000007,London,E09000021,Kingston upon Thames,7.70,8.81,9.31,9.73,8.95,9.99,10.43,8.74,9.62,9.48,9.34,9.86,11.29,12.12,14.10,13.49,13.60,13.43,13.09,14.03,12.35,,,
E12000007,London,E09000022,Lambeth,8.06,8.14,8.88,8.42,9.07,9.75,10.33,8.37,9.06,9.07,9.80,10.85,12.65,15.13,15.83,16.00,14.72,14.67,14.45,15.08,13.67,,,
E12000007,London,E09000023,Lewisham,6.22,7.36,7.76,7.88,8.44,8.59,8.72,7.50,7.77,8.70,8.22,8.07,9.72,11.88,12.74,13.85,13.18,14.02,12.86,13.85,12.69,,,
E12000007,London,E09000024,Merton,6.83,7.85,8.76,8.52,9.01,10.05,10.28,8.15,9.22,9.81,9.51,10.25,11.46,12.61,14.13,14.71,14.21,14.01,13.59,15.64,15.33,,,
E12000007,London,E09000025,Newham,6.84,8.43,9.33,9.80,9.47,10.28,11.18,8.63,8.70,9.81,10.11,9.60,10.81,12.00,13.33,15.34,15.67,14.75,14.18,13.45,12.68,,,
E12000007,London,E09000026,Redbridge,6.65,7.41,8.66,9.06,9.01,8.98,9.13,7.38,8.08,9.46,9.51,9.27,9.17,10.47,11.86,13.03,13.09,12.80,11.52,14.16,12.87,,,
E12000007,London,E09000027,Richmond upon Thames,7.64,8.11,9.08,8.80,9.28,9.99,10.23,8.90,10.63,10.06,10.57,11.08,12.06,13.20,14.63,15.49,14.73,14.47,13.97,15.84,16.13,,,
E12000007,London,E09000028,Southwark,7.98,8.11,8.96,9.23,8.69,9.55,9.91,8.37,9.86,10.20,10.03,10.22,11.99,14.28,15.62,16.20,15.31,14.36,14.13,14.33,13.50,,,
E12000007,London,E09000029,Sutton,6.40,7.35,8.05,7.57,7.49,7.87,8.24,7.52,7.72,7.82,7.74,8.30,8.81,10.08,11.24,11.41,11.44,11.30,12.25,12.05,11.86,,,
E12000007,London,E09000030,Tower Hamlets,8.16,8.53,9.43,8.71,9.79,9.62,10.83,9.32,9.34,9.60,9.96,9.93,11.99,13.40,14.58,14.28,14.47,13.20,13.69,14.64,13.86,,,
E12000007,London,E09000031,Waltham Forest,6.01,6.99,7.48,8.26,8.47,9.89,10.30,8.31,8.55,8.91,9.10,10.07,11.51,13.35,14.35,15.14,15.18,14.41,13.81,15.09,13.03,,,
E12000007,London,E09000032,Wandsworth,7.91,8.27,9.13,9.06,9.71,10.03,10.03,9.30,9.87,10.09,10.54,11.40,13.42,14.41,15.71,16.35,14.88,14.60,15.22,15.70,14.52,,,
E12000007,London,E09000033,Westminster,11.52,11.70,11.51,11.51,12.32,12.40,12.93,12.88,12.33,14.32,13.77,17.45,19.19,21.31,23.07,23.73,21.93,19.58,20.09,19.71,21.00,,,
E12000008,South East,E06000035,Medway,4.60,5.70,6.48,6.98,6.84,7.29,6.42,5.57,6.54,6.37,6.11,6.34,6.77,7.13,8.63,9.29,9.31,8.88,8.68,10.05,9.68,,,
E12000008,South East,E06000036,Bracknell Forest,6.50,7.60,7.51,7.81,8.26,8.14,8.70,7.24,8.01,7.86,8.19,8.33,9.17,10.06,11.66,11.90,11.88,11.22,11.20,11.48,12.02,,,
E12000008,South East,E06000037,West Berkshire,7.33,8.11,8.34,8.72,8.70,9.35,8.59,8.16,8.97,8.88,9.24,9.03,9.49,9.95,10.75,11.26,11.14,10.46,11.17,10.63,10.07,,,
E12000008,South East,E06000038,Reading,6.69,7.37,7.50,8.02,8.06,8.41,8.36,6.90,7.51,7.84,7.50,7.98,8.40,9.69,10.41,11.25,10.52,10.29,10.74,10.85,9.95,,,
E12000008,South East,E06000039,Slough,6.67,7.29,7.95,8.34,7.89,8.77,8.03,7.08,7.77,7.80,7.80,7.71,7.82,8.79,10.43,10.70,10.18,10.06,10.71,10.96,9.58,,,
E12000008,South East,E06000040,Windsor and Maidenhead,8.08,8.07,9.39,9.25,9.24,10.28,10.59,9.46,10.27,10.51,9.79,10.32,11.51,13.62,13.12,14.22,12.86,13.42,13.65,14.22,13.17,,,
E12000008,South East,E06000041,Wokingham,8.00,8.65,8.90,8.48,9.24,9.26,9.46,8.41,8.74,9.09,8.79,9.02,10.20,11.31,12.44,13.06,11.84,12.83,12.12,13.63,11.86,,,
E12000008,South East,E06000042,Milton Keynes,5.49,6.36,7.20,7.37,7.24,7.41,7.34,6.36,7.02,6.74,7.06,7.03,7.65,8.32,8.89,9.12,9.52,8.96,9.27,10.23,9.29,,,
E12000008,South East,E06000043,Brighton and Hove,6.85,8.03,8.09,8.47,8.81,9.30,9.51,8.45,8.86,9.05,8.81,8.83,9.98,11.49,11.17,11.97,11.87,11.87,11.10,12.71,12.24,,,
E12000008,South East,E06000044,Portsmouth,5.41,6.18,7.16,7.56,7.49,7.77,7.41,6.33,6.90,7.03,6.95,6.94,6.96,7.23,7.82,8.15,8.67,8.14,8.83,8.71,8.00,,,
E12000008,South East,E06000045,Southampton,5.48,6.90,6.89,7.57,7.59,7.81,7.28,6.95,7.36,7.25,6.69,7.15,7.31,7.80,7.97,7.93,8.07,7.44,7.43,8.37,7.00,,,
E12000008,South East,E06000046,Isle of Wight,6.08,6.85,8.01,8.56,8.63,8.82,8.48,7.30,7.84,8.04,7.56,7.62,7.21,7.76,8.37,7.94,7.86,8.66,8.74,8.95,8.28,,,
E12000008,South East,E06000060,Buckinghamshire,6.72,7.66,8.20,8.55,9.03,8.87,8.78,7.79,8.60,8.77,9.04,8.91,9.51,10.47,11.36,12.21,11.98,11.18,11.28,12.50,11.42,,,
E12000008,South East,E07000061,Eastbourne,5.60,7.59,8.07,8.42,8.28,9.28,9.31,7.93,8.29,8.19,8.10,8.06,8.14,8.40,9.21,9.57,8.72,9.20,8.27,10.22,9.03,,,
E12000008,South East,E07000062,Hastings,4.46,5.40,6.54,6.74,7.28,7.37,6.88,5.99,6.85,6.45,6.73,6.98,6.67,6.62,7.34,8.26,8.42,8.48,9.24,9.13,8.61,,,
E12000008,South East,E07000063,Lewes,6.58,7.68,8.78,9.12,9.17,9.38,8.67,8.81,8.42,8.78,8.64,8.43,8.96,10.36,11.34,11.72,11.63,11.13,11.04,11.48,11.57,,,
E12000008,South East,E07000064,Rother,5.92,7.68,8.14,8.45,8.55,8.64,9.05,7.88,8.38,8.81,8.96,8.58,9.36,8.79,9.53,9.77,10.91,9.87,10.40,11.13,10.70,,,
E12000008,South East,E07000065,Wealden,6.59,7.66,8.72,9.16,9.67,9.25,10.06,8.44,8.58,8.89,9.08,9.30,9.72,9.82,10.75,11.29,11.36,11.88,10.72,12.23,11.88,,,
E12000008,South East,E07000084,Basingstoke and Deane,6.32,7.54,7.88,8.48,8.49,8.68,8.80,7.28,8.15,7.86,7.53,7.71,7.88,8.60,9.18,10.16,10.55,9.49,10.21,10.10,9.26,,,
E12000008,South East,E07000085,East Hampshire,7.01,7.71,8.42,9.12,8.96,9.59,8.66,8.31,9.35,9.66,9.12,9.91,10.35,10.61,10.66,11.01,11.40,12.21,10.84,12.87,11.86,,,
E12000008,South East,E07000086,Eastleigh,7.06,8.16,8.70,8.92,8.53,8.95,9.00,7.67,8.35,8.22,8.11,7.74,8.45,8.97,9.85,10.30,10.60,10.75,9.24,9.86,9.20,,,
E12000008,South East,E07000087,Fareham,7.19,7.90,8.59,8.68,8.90,9.12,9.25,8.00,8.22,8.19,8.35,8.27,8.27,8.87,9.72,9.38,10.74,9.52,9.85,9.24,9.90,,,
E12000008,South East,E07000088,Gosport,5.51,6.02,6.99,6.99,7.44,8.51,7.78,6.63,7.34,7.28,6.89,6.78,7.08,6.44,7.61,7.44,7.80,7.63,7.55,7.44,7.06,,,
E12000008,South East,E07000089,Hart,6.70,7.79,7.39,8.33,7.66,8.51,9.14,7.94,7.91,8.30,8.26,9.83,9.37,10.56,13.12,12.46,12.46,11.12,12.00,11.77,11.29,,,
E12000008,South East,E07000090,Havant,6.04,6.69,7.76,7.32,8.24,8.51,8.53,7.44,7.95,8.23,7.88,7.43,8.26,7.99,9.14,9.28,10.10,10.02,10.97,10.68,10.72,,,
E12000008,South East,E07000091,New Forest,8.05,8.88,10.14,10.01,10.27,10.17,10.18,9.34,9.24,9.64,9.51,9.66,10.05,10.73,11.27,10.94,11.57,11.17,10.73,12.57,11.68,,,
E12000008,South East,E07000092,Rushmoor,6.62,7.02,7.16,8.28,8.68,8.84,8.97,7.25,8.15,8.13,8.34,7.98,8.01,9.64,9.58,11.32,10.00,9.79,9.65,10.43,9.55,,,
E12000008,South East,E07000093,Test Valley,7.34,7.91,8.34,8.85,8.73,9.56,9.52,8.44,8.82,9.33,8.90,8.39,9.08,8.53,9.52,10.06,10.05,9.86,8.97,10.35,10.23,,,
E12000008,South East,E07000094,Winchester,8.29,8.84,9.22,8.89,9.48,9.18,9.31,7.95,8.78,9.44,9.21,9.28,9.36,10.26,10.42,11.40,10.57,11.43,11.68,12.55,11.71,,,
E12000008,South East,E07000105,Ashford,5.92,7.53,7.99,8.37,8.83,9.74,7.96,7.35,8.84,8.22,7.38,7.94,8.99,9.42,9.15,9.27,10.40,9.72,9.80,11.86,11.05,,,
E12000008,South East,E07000106,Canterbury,6.40,7.27,8.09,8.82,9.29,9.65,9.31,8.04,8.65,8.16,8.09,8.27,8.54,8.83,10.12,10.94,11.16,10.33,10.62,11.83,10.75,,,
E12000008,South East,E07000107,Dartford,5.08,6.45,6.96,7.54,8.26,8.55,8.23,6.43,7.37,7.15,7.39,7.36,7.78,8.55,8.90,11.26,10.51,10.07,10.52,11.09,9.93,,,
E12000008,South East,E07000108,Dover,4.83,5.57,6.78,7.18,7.13,7.26,7.19,6.17,6.40,6.24,6.04,6.83,7.64,7.67,8.89,8.36,9.00,8.84,8.12,9.35,9.04,,,
E12000008,South East,E07000109,Gravesham,5.34,6.42,6.94,6.91,7.01,7.36,7.50,6.13,6.51,6.61,6.81,7.48,8.34,9.07,9.68,10.68,11.73,11.48,10.84,11.06,10.64,,,
E12000008,South East,E07000110,Maidstone,6.26,7.48,7.83,7.90,8.44,8.34,8.64,6.79,7.21,7.31,7.42,8.05,8.17,8.75,9.15,10.19,10.75,10.34,10.59,11.65,10.76,,,
E12000008,South East,E07000111,Sevenoaks,7.75,8.34,8.98,9.31,9.22,8.98,9.10,7.81,9.53,9.27,9.86,10.18,9.56,11.91,13.37,13.33,14.75,12.11,13.19,12.74,14.48,,,
E12000008,South East,E07000112,Folkestone and Hythe,5.37,6.21,7.35,6.93,8.33,8.72,8.71,7.92,8.17,7.92,7.03,7.53,7.72,7.66,8.31,8.93,9.44,8.11,9.02,10.35,9.65,,,
E12000008,South East,E07000113,Swale,5.18,5.92,6.46,6.93,7.42,6.97,7.46,6.00,6.24,6.23,6.60,6.61,6.81,7.44,8.50,8.77,8.83,9.26,9.67,10.25,9.45,,,
E12000008,South East,E07000114,Thanet,5.39,6.70,7.26,7.78,8.23,8.69,8.68,7.69,8.47,7.58,7.50,7.37,7.76,8.18,8.58,9.35,9.57,9.11,8.71,10.53,9.64,,,
E12000008,South East,E07000115,Tonbridge and Malling,7.13,7.72,8.37,9.10,8.73,9.02,9.62,7.39,8.58,8.04,8.20,8.92,10.33,9.72,11.21,11.68,10.77,11.00,10.37,10.81,11.01,,,
E12000008,South East,E07000116,Tunbridge Wells,7.09,7.93,9.00,9.10,9.47,10.34,9.83,7.70,9.31,8.95,8.58,8.65,8.91,10.04,11.71,11.83,11.24,10.71,11.66,12.60,11.62,,,
E12000008,South East,E07000177,Cherwell,5.93,7.58,8.05,7.74,8.83,9.15,8.75,7.40,7.72,7.79,8.37,8.47,8.96,10.13,10.68,10.39,11.16,11.26,10.91,10.76,10.87,,,
E12000008,South East,E07000178,Oxford,9.97,9.92,9.46,10.59,10.29,11.21,11.47,9.36,10.17,10.82,10.46,11.43,10.56,11.93,12.47,13.03,13.23,13.06,12.78,13.48,12.66,,,
E12000008,South East,E07000179,South Oxfordshire,7.25,8.19,9.23,8.96,10.24,10.29,9.53,9.21,9.82,10.16,9.77,9.83,10.14,10.14,12.23,11.93,11.86,11.31,10.98,12.50,12.15,,,
E12000008,South East,E07000180,Vale of White Horse,7.48,9.02,9.17,8.71,8.96,9.22,9.50,8.49,8.95,8.58,8.59,8.75,9.25,10.67,10.40,10.72,11.13,10.27,11.09,10.98,9.89,,,
E12000008,South East,E07000181,West Oxfordshire,8.27,8.35,9.06,8.80,9.34,10.61,9.03,8.04,7.78,8.46,8.67,8.86,9.42,9.65,11.47,12.56,11.30,11.48,11.21,11.91,11.17,,,
E12000008,South East,E07000207,Elmbridge,8.94,9.67,9.65,9.64,9.82,10.86,10.62,10.23,11.23,9.70,11.91,11.79,11.58,13.37,13.21,15.73,14.26,14.11,14.36,14.71,15.37,,,
E12000008,South East,E07000208,Epsom and Ewell,9.56,8.99,9.37,10.37,11.05,11.32,9.45,8.27,10.11,8.95,9.46,9.85,11.34,11.42,12.44,12.64,13.65,14.32,13.56,14.23,13.12,,,
E12000008,South East,E07000209,Guildford,7.62,8.19,9.34,9.02,9.69,10.55,10.04,8.16,8.97,9.46,9.60,9.90,10.00,10.92,12.14,12.66,12.66,12.19,12.41,13.79,12.34,,,
E12000008,South East,E07000210,Mole Valley,8.28,8.78,8.96,10.53,10.78,10.41,11.26,9.34,10.95,10.86,10.95,12.27,12.07,12.97,13.92,15.07,15.27,14.82,14.56,15.27,14.17,,,
E12000008,South East,E07000211,Reigate and Banstead,6.79,7.81,8.62,8.69,8.73,9.00,8.58,7.79,8.66,8.25,8.19,8.45,9.79,10.14,11.19,11.93,11.67,11.11,10.90,13.75,11.53,,,
E12000008,South East,E07000212,Runnymede,7.64,8.68,9.73,9.07,9.23,10.80,10.15,8.63,9.06,9.52,9.24,9.42,9.96,10.84,12.39,13.06,12.90,11.46,14.21,12.51,11.68,,,
E12000008,South East,E07000213,Spelthorne,6.76,8.10,7.41,7.48,8.11,7.93,7.95,7.33,9.10,8.25,8.32,8.18,8.50,9.28,10.11,12.29,12.40,13.27,12.45,11.35,10.81,,,
E12000008,South East,E07000214,Surrey Heath,7.18,8.07,7.84,8.36,8.91,8.35,8.16,8.07,8.02,8.51,8.59,9.33,10.09,10.58,10.78,12.31,11.91,11.83,11.65,10.86,11.25,,,
E12000008,South East,E07000215,Tandridge,7.77,9.22,10.22,10.06,10.21,9.85,10.98,9.86,10.93,12.17,11.01,11.21,11.17,11.48,12.50,13.25,12.06,11.95,14.51,13.50,13.03,,,
E12000008,South East,E07000216,Waverley,8.17,9.14,10.08,10.25,9.96,10.97,10.22,9.28,9.92,10.73,10.77,10.69,10.33,10.70,12.24,12.41,12.77,13.39,13.20,14.64,13.22,,,
E12000008,South East,E07000217,Woking,7.71,8.21,9.77,9.54,9.89,9.35,10.44,9.34,10.15,9.12,9.09,9.61,9.73,11.84,12.27,13.02,12.37,11.35,10.92,13.58,11.30,,,
E12000008,South East,E07000223,Adur,7.20,8.00,9.44,10.60,9.85,10.27,10.89,10.04,10.48,10.24,9.41,10.01,10.55,12.03,12.75,14.11,12.11,12.37,10.85,12.20,12.42,,,
E12000008,South East,E07000224,Arun,6.76,7.75,8.35,8.89,9.00,9.76,9.31,8.41,8.89,9.16,9.30,9.60,10.17,10.08,10.87,11.49,11.42,11.62,10.81,11.75,11.10,,,
E12000008,South East,E07000225,Chichester,7.90,9.89,11.62,10.81,11.83,11.78,12.56,10.18,11.20,11.22,11.16,11.45,11.72,12.51,11.50,13.02,13.46,12.25,12.79,13.61,12.40,,,
E12000008,South East,E07000226,Crawley,6.39,6.80,7.49,8.33,7.91,8.77,9.18,7.93,7.77,8.01,7.61,7.86,8.61,9.77,10.38,11.49,11.60,10.71,9.85,11.38,10.43,,,
E12000008,South East,E07000227,Horsham,7.65,8.64,9.18,9.35,9.26,9.89,10.05,8.72,10.00,9.51,10.26,10.29,11.09,13.00,12.24,14.24,13.23,12.26,13.00,13.49,12.81,,,
E12000008,South East,E07000228,Mid Sussex,7.75,8.71,9.41,8.79,9.72,9.37,9.73,8.41,9.00,9.35,9.21,9.24,10.51,10.59,12.48,11.19,11.19,11.83,11.45,12.12,11.84,,,
E12000008,South East,E07000229,Worthing,5.89,6.96,8.00,8.39,8.76,9.14,8.60,7.50,8.39,7.50,8.02,7.72,7.79,9.02,9.51,10.25,10.98,10.41,9.72,10.31,9.34,,,
E12000009,South West,E06000022,Bath and North East Somerset,6.45,7.69,8.30,8.55,8.45,9.69,9.23,8.49,9.01,9.12,8.70,8.61,9.14,9.89,10.46,11.31,10.76,10.43,10.58,11.66,10.58,,,
E12000009,South West,E06000023,"Bristol, City of",5.45,6.67,7.10,7.55,7.53,8.21,8.06,6.79,7.12,7.08,7.05,7.40,7.79,7.99,9.08,9.63,9.82,9.13,8.91,10.29,9.93,,,
E12000009,South West,E06000024,North Somerset,5.17,6.31,6.90,7.36,7.47,7.83,7.56,7.39,7.50,7.22,7.15,7.56,7.51,7.91,7.99,8.49,9.29,8.79,8.42,10.41,8.96,,,
E12000009,South West,E06000025,South Gloucestershire,5.71,6.93,7.25,7.55,7.89,8.76,8.59,7.09,7.64,7.21,7.44,7.44,7.92,8.38,8.99,9.46,10.00,9.63,9.69,10.52,10.12,,,
E12000009,South West,E06000026,Plymouth,4.26,4.95,5.93,7.15,7.30,7.58,7.08,6.67,6.78,6.49,6.55,6.34,6.77,6.80,6.94,6.55,6.85,6.92,6.90,7.33,7.03,,,
E12000009,South West,E06000027,Torbay,6.22,7.41,8.53,9.14,8.87,9.49,9.02,7.85,8.08,7.59,7.29,7.39,7.71,7.83,7.77,7.98,8.01,7.81,7.27,8.40,7.84,,,
E12000009,South West,E06000030,Swindon,5.87,6.64,6.56,6.95,7.03,7.28,6.90,5.89,6.20,6.00,6.06,5.99,6.29,6.36,7.24,7.95,7.92,7.89,7.37,8.11,7.95,,,
E12000009,South West,E06000052,Cornwall,:,7.62,9.31,9.58,9.81,10.18,9.80,8.30,8.89,9.30,8.35,8.04,8.38,8.75,8.62,8.83,8.82,8.72,8.99,9.87,9.22,,,
E12000009,South West,E06000053,Isles of Scilly,:,:,:,:,:,:,:,:,:,:,:,:,:,:,:,:,:,:,:,:,:,,,
E12000009,South West,E06000054,Wiltshire,:,7.33,7.79,8.03,8.45,8.66,8.41,7.57,8.44,8.23,8.26,8.11,8.26,8.58,8.98,9.21,9.53,9.64,9.22,10.21,9.49,,,
E12000009,South West,E06000058,"Bournemouth, Christchurch and Poole",:,8.47,9.71,9.77,9.76,9.96,9.83,8.59,9.06,8.85,8.47,8.58,9.06,9.00,9.12,9.91,9.60,9.46,9.71,11.22,9.59,,,
E12000009,South West,E06000059,Dorset,:,8.92,9.56,9.87,10.11,10.34,10.51,8.97,9.77,9.15,9.27,9.41,9.48,9.42,9.84,10.14,10.49,10.27,9.42,10.67,9.91,,,
E12000009,South West,E07000040,East Devon,6.92,9.05,9.77,9.57,9.67,9.76,9.77,9.25,9.67,9.18,8.79,8.76,9.50,9.20,9.19,10.39,10.50,9.84,9.84,10.54,9.91,,,
E12000009,South West,E07000041,Exeter,6.77,8.00,8.59,8.88,9.47,10.13,9.43,8.73,8.83,8.48,8.82,8.58,8.55,9.46,9.27,9.53,9.84,8.71,9.61,10.40,9.24,,,
E12000009,South West,E07000042,Mid Devon,6.09,7.83,7.86,8.45,9.13,9.22,8.78,8.01,8.06,7.88,8.40,8.56,8.40,7.79,8.24,8.29,8.04,8.47,8.93,9.78,9.56,,,
E12000009,South West,E07000043,North Devon,6.68,7.88,9.02,10.10,10.72,10.35,9.72,10.00,9.94,9.28,8.45,9.06,9.23,9.08,9.44,9.73,9.10,9.78,9.21,10.08,9.72,,,
E12000009,South West,E07000044,South Hams,5.82,7.93,8.33,10.19,9.35,8.39,9.36,7.17,8.78,8.59,8.46,8.87,8.68,9.00,10.15,10.63,10.69,10.46,10.10,11.57,11.88,,,
E12000009,South West,E07000045,Teignbridge,6.07,7.36,9.06,9.87,9.56,9.71,9.58,8.57,8.83,8.71,8.65,8.81,8.76,9.09,9.25,9.81,9.90,9.29,9.40,10.19,10.08,,,
E12000009,South West,E07000046,Torridge,6.98,7.44,9.68,11.46,10.85,10.15,9.20,8.79,9.53,9.46,8.57,9.00,8.31,9.10,8.81,7.85,8.67,8.55,7.66,8.94,8.92,,,
E12000009,South West,E07000047,West Devon,6.42,8.07,8.90,9.65,10.08,9.53,10.03,8.66,9.35,8.57,8.84,8.84,8.93,8.84,9.01,8.45,9.13,9.16,9.33,11.06,9.54,,,
E12000009,South West,E07000078,Cheltenham,5.79,6.43,7.37,7.41,7.73,8.21,7.33,6.33,7.63,7.58,7.17,7.40,7.77,7.43,7.63,8.08,7.95,7.66,8.62,9.89,8.06,,,
E12000009,South West,E07000079,Cotswold,8.05,9.39,10.04,10.07,9.56,10.14,11.08,10.89,11.25,11.33,10.90,11.27,11.06,11.35,12.55,12.20,11.61,12.14,12.95,14.22,12.35,,,
E12000009,South West,E07000080,Forest of Dean,4.89,6.09,7.01,7.37,7.34,7.70,7.86,7.04,7.42,6.85,6.71,6.84,7.06,6.92,7.52,7.38,8.18,7.56,7.54,9.21,7.99,,,
E12000009,South West,E07000081,Gloucester,4.94,6.02,6.49,7.25,7.41,7.95,7.12,5.94,6.72,6.37,6.23,5.90,6.41,6.88,7.03,7.36,7.14,7.54,7.98,8.25,7.63,,,
E12000009,South West,E07000082,Stroud,5.89,7.34,8.21,8.20,8.38,8.46,7.77,7.24,7.64,7.15,6.92,7.20,7.67,7.84,8.20,8.33,8.99,8.96,9.29,10.33,9.86,,,
E12000009,South West,E07000083,Tewkesbury,5.89,7.07,7.58,7.97,8.24,9.89,9.36,7.82,7.45,8.06,7.79,7.75,8.34,8.19,8.67,8.96,9.78,9.09,9.46,8.79,9.03,,,
E12000009,South West,E07000187,Mendip,6.85,6.97,8.09,8.33,8.83,9.08,9.24,8.18,7.92,8.30,7.85,8.37,8.73,8.77,8.75,10.25,10.21,10.20,10.08,10.25,9.64,,,
E12000009,South West,E07000188,Sedgemoor,4.73,6.04,7.17,7.04,7.57,7.74,7.30,6.78,7.34,7.33,7.23,6.87,6.98,7.63,7.74,8.11,7.91,7.79,8.16,8.80,8.78,,,
E12000009,South West,E07000189,South Somerset,5.66,6.72,8.39,8.29,8.56,8.87,8.49,7.45,8.01,7.53,7.17,7.16,7.33,8.20,7.89,7.60,7.98,7.59,7.56,8.67,8.33,,,
E12000009,South West,E07000246,Somerset West and Taunton,:,7.48,8.55,8.95,8.61,9.23,9.12,7.77,8.26,7.95,7.95,7.91,8.21,8.17,8.14,8.26,9.02,8.63,8.22,8.77,9.22,,,
W92000004,Wales,W06000001,Isle of Anglesey,3.74,4.30,5.43,6.18,6.57,7.95,7.38,6.49,6.34,6.29,6.24,6.08,5.99,6.55,6.46,6.37,6.45,6.45,6.06,6.75,6.61,,,
W92000004,Wales,W06000002,Gwynedd,3.56,4.67,5.56,6.57,7.12,7.57,7.60,6.32,6.79,6.57,6.23,6.11,6.16,6.60,6.30,6.30,5.82,6.03,5.49,6.32,6.23,,,
W92000004,Wales,W06000003,Conwy,4.13,5.21,5.80,7.03,7.24,7.82,6.78,6.28,7.11,7.19,6.92,6.24,6.58,6.39,6.52,6.63,6.64,6.09,5.85,7.06,6.24,,,
W92000004,Wales,W06000004,Denbighshire,3.55,4.30,5.70,6.79,7.74,7.31,6.85,6.00,6.30,5.44,5.96,5.86,6.25,6.29,6.09,6.25,6.15,6.24,6.26,6.38,6.62,,,
W92000004,Wales,W06000005,Flintshire,3.44,4.66,5.65,6.15,6.61,7.31,6.68,5.61,5.89,5.98,5.99,6.16,5.63,6.36,6.19,6.29,6.26,6.40,6.36,6.92,6.24,,,
W92000004,Wales,W06000006,Wrexham,3.84,4.80,5.83,6.18,7.09,7.09,6.85,5.58,5.50,5.72,5.87,5.22,5.85,5.76,5.81,6.03,5.78,5.60,5.54,6.09,5.74,,,
W92000004,Wales,W06000008,Ceredigion,4.24,5.65,7.45,7.97,8.64,9.45,8.92,7.48,8.01,7.65,7.91,7.23,7.30,7.08,7.27,7.95,7.24,7.20,6.65,7.51,7.30,,,
W92000004,Wales,W06000009,Pembrokeshire,4.34,5.58,6.83,8.39,9.31,8.81,7.91,7.26,7.02,6.90,7.41,6.69,6.43,7.13,6.86,6.56,7.01,6.59,6.20,6.25,6.35,,,
W92000004,Wales,W06000010,Carmarthenshire,2.88,3.55,5.05,6.01,6.30,6.66,6.43,5.64,5.51,5.25,4.93,4.70,4.92,5.00,5.20,4.98,5.04,5.12,4.74,5.31,5.14,,,
W92000004,Wales,W06000011,Swansea,3.17,3.84,4.88,5.71,6.02,6.28,6.32,5.92,5.50,5.25,5.11,5.16,5.24,5.17,5.61,5.46,5.11,5.03,5.42,5.89,5.71,,,
W92000004,Wales,W06000012,Neath Port Talbot,2.47,2.62,3.62,4.94,5.02,5.48,5.25,4.39,4.17,4.24,4.21,4.20,4.28,4.10,4.29,4.09,4.12,3.90,4.21,4.42,4.66,,,
W92000004,Wales,W06000013,Bridgend,3.25,3.58,4.70,5.22,6.31,6.37,5.82,5.38,5.50,5.16,5.12,5.04,5.02,5.17,5.67,5.46,5.58,5.59,5.67,6.05,6.17,,,
W92000004,Wales,W06000014,Vale of Glamorgan,4.14,5.08,6.18,6.94,7.16,7.31,7.52,6.81,6.84,6.65,6.69,6.50,7.16,7.00,6.79,7.06,7.05,7.05,7.89,7.85,8.07,,,
W92000004,Wales,W06000015,Cardiff,4.91,6.08,7.17,7.30,7.96,7.78,7.53,6.50,6.79,6.56,6.56,6.66,6.63,6.72,6.68,6.87,7.03,6.89,7.67,7.88,7.34,,,
W92000004,Wales,W06000016,Rhondda Cynon Taf,2.14,2.44,3.03,3.94,4.24,4.60,4.45,4.11,3.92,3.49,3.38,3.36,3.56,3.66,3.71,3.61,3.81,3.85,3.81,4.21,4.50,,,
W92000004,Wales,W06000018,Caerphilly,2.94,3.42,4.53,5.38,5.70,5.78,5.68,4.57,4.72,4.53,4.56,4.47,4.68,4.53,4.68,4.63,4.80,5.04,5.06,5.40,5.63,,,
W92000004,Wales,W06000019,Blaenau Gwent,2.05,1.94,3.07,4.37,4.51,4.64,4.43,3.76,3.67,3.22,3.08,3.25,3.17,3.22,3.34,3.22,3.33,3.54,3.39,3.84,3.89,,,
W92000004,Wales,W06000020,Torfaen,2.76,3.54,4.76,5.15,5.53,6.47,6.08,5.13,5.03,4.70,4.95,4.99,4.72,5.15,5.00,5.08,5.09,5.54,5.24,6.23,5.99,,,
W92000004,Wales,W06000021,Monmouthshire,5.21,6.30,7.43,7.31,8.33,7.57,7.79,7.33,8.26,7.47,7.99,7.31,7.66,7.51,7.64,8.21,7.85,8.93,8.52,9.51,9.75,,,
W92000004,Wales,W06000022,Newport,3.52,4.14,5.56,5.99,6.54,7.50,6.71,5.30,5.40,5.17,5.15,5.37,5.75,5.63,5.75,6.09,5.99,6.09,6.08,6.60,6.36,,,
W92000004,Wales,W06000023,Powys,4.32,4.88,5.89,7.07,8.05,8.63,8.28,6.97,7.59,7.30,7.15,7.61,6.93,6.57,6.30,6.88,6.56,6.22,6.33,7.23,7.18,,,
W92000004,Wales,W06000024,Merthyr Tydfil,1.94,2.23,2.65,3.85,4.43,4.95,4.55,4.13,4.18,3.77,3.48,3.54,3.73,3.80,3.74,3.62,3.84,3.62,3.82,4.21,4.42,,,
,,,,,,,,,,,,,,,,,,,,,,,,,,,
,,,,,,,,,,,,,,,,,,,,,,,,,,,
,,,,,,,,,,,,,,,,,,,,,,,,,,,
,,,,,,,,,,,,,,,,,,,,,,,,,,,
,,,,,,,,,,,,,,,,,,,,,,,,,,,
